{
  "startTime": 1739222273137,
  "earnings": {
    "total": 15601.112963900005,
    "pending": 286.4526776,
    "paid": 0
  },
  "referralBonus": 0
}